source_id,year,file_name,document_type,version,sha256,source_url,notes
1402-booklet,1402,Download.zip!1402.zip!1402تجربی.pdf,booklet,نسخه ارسالی کاربر,c3adc817b1bc8b4aae50e79502ff189fb2c63c1f445c9a00b2a1fbfe9f3d541f,,فایل اصلی داخل آرشیو پیوست؛ مسیر بایتی PDF در ریپو ایجاد نشده است.
1402-correction-4,1402,Download.zip!1402.zip!اصلاحیه1.pdf,correction,نسخه ارسالی کاربر,e7fde09d5efc040014faaba0e425cc07415227ca5fc8601714cd3c5c7780adb6,,فایل اصلی داخل آرشیو پیوست؛ مسیر بایتی PDF در ریپو ایجاد نشده است.
1402-correction-5,1402,Download.zip!1402.zip!اصلاحیه2.pdf,correction,نسخه ارسالی کاربر,253e3d75938d95114b1ad1cbfeebda2e305fd8edf6bea425d1a940e2b703cb6e,,فایل اصلی داخل آرشیو پیوست؛ مسیر بایتی PDF در ریپو ایجاد نشده است.
1404-booklet,1404,Download.zip!1404.zip!تحربی1404.pdf,booklet,نسخه ارسالی کاربر,b2a9394e737a38eabdb4ea70dc7001e7f03adf3b4f5ee43db1bc8cd87a4c88d0,,فایل اصلی داخل آرشیو پیوست؛ مسیر بایتی PDF در ریپو ایجاد نشده است.
1404-appendix-4,1404,Download.zip!1404.zip!پیوست ها.pdf,appendix,نسخه ارسالی کاربر,77480d1c8308f94003cd66ca7659cea56a04005854da918fc8a2374cd58165ec,,فایل اصلی داخل آرشیو پیوست؛ مسیر بایتی PDF در ریپو ایجاد نشده است.
1404-correction-5,1404,Download.zip!1404.zip!اصلاحیه ریاضی.pdf,correction,نسخه ارسالی کاربر,6e9837a314077e6518de7b4f43c521a9822518e816c4dd2894937ee8f8c2c490,,فایل اصلی داخل آرشیو پیوست؛ مسیر بایتی PDF در ریپو ایجاد نشده است.
1404-correction-6,1404,Download.zip!1404.zip!اصلاحیه انسانی.pdf,correction,نسخه ارسالی کاربر,33119eaab6ae7fdf6601d5a7cb79968eb71b26be302dc5da2fb136f92119182c,,فایل اصلی داخل آرشیو پیوست؛ مسیر بایتی PDF در ریپو ایجاد نشده است.
1404-correction-7,1404,Download.zip!1404.zip!اصلاحیه تجربی.pdf,correction,نسخه ارسالی کاربر,cdb07f1f391c0e67946f78ec50133bcdcc785999839f3b45574fab2f7fdf82b9,,فایل اصلی داخل آرشیو پیوست؛ مسیر بایتی PDF در ریپو ایجاد نشده است.
1403-booklet,1403,Download.zip!1403.zip!تجربی1403.pdf,booklet,نسخه ارسالی کاربر,459a9ed2f054b3cb1db4b1831fdeaf4c8abde2a59da366b0fd815c9f26777f3b,,فایل اصلی داخل آرشیو پیوست؛ مسیر بایتی PDF در ریپو ایجاد نشده است.
1403-appendix-4,1403,Download.zip!1403.zip!پیوست ها.pdf,appendix,نسخه ارسالی کاربر,ac4d9c6b3740cd22afbc0e76a9a74f8d1b6bdbf3cac7f20cf63f3ea641fef8db,,فایل اصلی داخل آرشیو پیوست؛ مسیر بایتی PDF در ریپو ایجاد نشده است.
1403-correction-5,1403,Download.zip!1403.zip!اصلاحیه.pdf,correction,نسخه ارسالی کاربر,49a4bc518030d590faa4f0fa8f8210d0de18a1184a931e2d2c4d9b29918b2541,,فایل اصلی داخل آرشیو پیوست؛ مسیر بایتی PDF در ریپو ایجاد نشده است.
1401-booklet,1401,Download.zip!1401.zip!1401تجربی.pdf,booklet,نسخه ارسالی کاربر,57a21cd62421488786a23e4a72f237b0726a228a679342b570419715fc33b8e7,,فایل اصلی داخل آرشیو پیوست؛ مسیر بایتی PDF در ریپو ایجاد نشده است.
1401-correction-4,1401,Download.zip!1401.zip!اصلاحیه1.pdf,correction,نسخه ارسالی کاربر,06ddfec6ebf4db879c01d0f8bd30d6d0ad08d8d1035bbedb1228f5b105367b15,,فایل اصلی داخل آرشیو پیوست؛ مسیر بایتی PDF در ریپو ایجاد نشده است.
1401-correction-5,1401,Download.zip!1401.zip!اصلاحیه2.pdf,correction,نسخه ارسالی کاربر,de6bccaf99051d10415601ccf8255da920f2680f8567a009dc8e7925e7695bf7,,فایل اصلی داخل آرشیو پیوست؛ مسیر بایتی PDF در ریپو ایجاد نشده است.
1401-correction-6,1401,Download.zip!1401.zip!اصلاحیه3.pdf,correction,نسخه ارسالی کاربر,4f90d196b4e6293f95db2150fba49d9efcbc6dd6aedd8cfa34a831d4b23f103f,,فایل اصلی داخل آرشیو پیوست؛ مسیر بایتی PDF در ریپو ایجاد نشده است.
1401-math-booklet,1401,Download.zip!1401.zip!1401ریاضی.pdf,booklet,نسخه ارسالی کاربر,4fc9da801e1bdf948d82ea90f0a4ec4f85a195fc7032d0966c1381f33ca8d8d1,,فایل اصلی داخل آرشیو پیوست؛ دفترچه گروه ریاضی؛ مسیر بایتی PDF در ریپو ایجاد نشده است.
1402-math-booklet,1402,Download.zip!1402.zip!1402ریاضی.pdf,booklet,نسخه ارسالی کاربر,f2ff50d2a5504efe687ba644668d6113a13e019efc0b04e7b88dfaecf0f44ec2,,فایل اصلی داخل آرشیو پیوست؛ دفترچه گروه ریاضی؛ مسیر بایتی PDF در ریپو ایجاد نشده است.
1403-math-booklet,1403,Download.zip!1403.zip!ریاضی1403.pdf,booklet,نسخه ارسالی کاربر,ef8906ab33eaae0f0cd97ec284d4ed3defcef070516d9fa5bd4961255d64324c,,فایل اصلی داخل آرشیو پیوست؛ دفترچه گروه ریاضی؛ مسیر بایتی PDF در ریپو ایجاد نشده است.
1404-math-booklet,1404,Download.zip!1404.zip!ریاضی1404.pdf,booklet,نسخه ارسالی کاربر,547bb8deb105476e8854ba88be81aaaa228c0644fb8f889c20bf7d4f4324a866,,فایل اصلی داخل آرشیو پیوست؛ دفترچه گروه ریاضی؛ مسیر بایتی PDF در ریپو ایجاد نشده است.
1401-humanities-booklet,1401,1401.zip!1401 انسانی.pdf,booklet,نسخه آرشیو موجود,2cc5237fab8d040a322a5c24f84d45a2a4de231d4edbacb8a017573b3bc95b00,,شماره صفحه PDF از ۱؛ فایل بایتی در ریپو نگهداری نمی‌شود؛ جزئیات دسترسی و اصالت در sources.json
1402-humanities-booklet,1402,1402.zip!1402انسانی.pdf,booklet,نسخه آرشیو موجود,eb7c7e3f0a0f82c1e0d69630bae51d9ed31edc00103b407e5101d17ced9ee4f4,,شماره صفحه PDF از ۱؛ فایل بایتی در ریپو نگهداری نمی‌شود؛ جزئیات دسترسی و اصالت در sources.json
1403-humanities-booklet,1403,1403.zip!انسانی1403.pdf,booklet,نسخه آرشیو موجود,8ab634f91abd9c946edbfb889c3a9dddf724d4da6cc424d9eeb2e6e8543ab2e9,,شماره صفحه PDF از ۱؛ فایل بایتی در ریپو نگهداری نمی‌شود؛ جزئیات دسترسی و اصالت در sources.json
1403-humanities-teacher-booklet,1403,booklet-iranmoshavere.pdf,booklet,نسخه سند سنجش؛ آینه عمومی,808f84a706b2b54882f7873ec7ae30b3077206d55382332d96edd27b213d9fd0,https://iranmoshavere.com/wp-content/uploads/2023/12/Farhangian-University-field-selection-booklet-1403.pdf,شماره صفحه PDF از ۱؛ فایل بایتی در ریپو نگهداری نمی‌شود؛ جزئیات دسترسی و اصالت در sources.json
1403-humanities-teacher-correction,1403,amendment.pdf,correction,نسخه سند سنجش؛ آینه عمومی,799781fc95143c92de0d20534376eb25d1d128a1889ddce16c7ae0e3bb9764c8,https://iranmoshavere.com/wp-content/uploads/2024/06/File-of-corrections-of-Farhangian-University-field-selection-booklet.pdf,شماره صفحه PDF از ۱؛ فایل بایتی در ریپو نگهداری نمی‌شود؛ جزئیات دسترسی و اصالت در sources.json
1404-humanities-booklet,1404,1404.zip!انسانی1404.pdf,booklet,نسخه آرشیو موجود,8da376ba6b5e81cd050e46fac534323de5a9ffbd1df2220323f88a2088f3fef5,,شماره صفحه PDF از ۱؛ فایل بایتی در ریپو نگهداری نمی‌شود؛ جزئیات دسترسی و اصالت در sources.json
1404-humanities-teacher-booklet,1404,booklet.pdf,booklet,نسخه سند سنجش؛ آینه عمومی,714ec02ec9c2db787f9f78f2d17e8146da5b5ad0e6c3ad33b0b3d203e51526c1,https://iranmoshavere.com/wp-content/uploads/2024/06/Farhangian-University-course-selection-booklet-1404.pdf,شماره صفحه PDF از ۱؛ فایل بایتی در ریپو نگهداری نمی‌شود؛ جزئیات دسترسی و اصالت در sources.json
1404-humanities-teacher-correction,1404,amendment.pdf,correction,نسخه سند سنجش؛ آینه عمومی,ecf40c311eb8151eea8e5cffdf3094f02a0f6c2137dbb98ba7e41708c874c4da,https://iranestekhdam.ir/storage/medias/2025-06-11/1749618969_%D9%81%D8%A7%DB%8C%D9%84-%D8%B1%D8%B4%D8%AA%D9%87-%D9%85%D8%AD%D9%84-%D9%87%D8%A7%DB%8C-%D8%AC%D8%AF%DB%8C%D8%AF-%D9%88-%D8%A7%D8%B5%D9%84%D8%A7%D8%AD%D8%A7%D8%AA-%D8%AF%D9%81%D8%AA%D8%B1%DA%86%D9%87-%D8%A7%D9%86%D8%AA%D8%AE%D8%A7%D8%A8-%D8%B1%D8%B4%D8%AA%D9%87-%D9%BE%D8%B0%DB%8C%D8%B1%D8%B4-%D8%AF%D8%A7%D9%86%D8%B4%D8%AC%D9%88-%D9%85%D8%B9%D9%84%D9%85-%D8%AF%D8%B1-%D8%AF%D8%A7%D9%86%D8%B4%DA%AF%D8%A7%D9%87-1404.3.20%D9%81%D8%B1%D9%87%D9%86%DA%AF%DB%8C%D8%A7%D9%86-1404.pdf,شماره صفحه PDF از ۱؛ فایل بایتی در ریپو نگهداری نمی‌شود؛ جزئیات دسترسی و اصالت در sources.json
1404-humanities-correction-series2,1404,1404-series2.pdf,correction,نسخه سند سنجش؛ آینه عمومی,895a646bfc26f6097968cfce1d2a111d87fd8ab7fabdd14cc85a7c0abc4205a2,https://iranmoshavere.com/wp-content/uploads/2025/09/Second-series-of-amendments-to-the-field-selection-and-registration-booklet-without-entrance-exam-1404.pdf,شماره صفحه PDF از ۱؛ فایل بایتی در ریپو نگهداری نمی‌شود؛ جزئیات دسترسی و اصالت در sources.json
1404-humanities-correction-series3,1404,1404-series3.pdf,correction,نسخه سند سنجش؛ آینه عمومی,7f547f13a8bb313704827a80e35f0f93c80e5bacc5fcb089283be3c3f0b158d6,https://irantahsil.org/wp-content/uploads/2025/09/پیوست-اطلاعیه-سری-سوم.pdf,شماره صفحه PDF از ۱؛ فایل بایتی در ریپو نگهداری نمی‌شود؛ جزئیات دسترسی و اصالت در sources.json
